Année,Précipitation
2000,1130.841246836556
2001,1029.2741527686378
2002,947.8992607460261
2003,838.9702513257013
2004,1172.2508588847254
2005,980.3502024041463
2006,1185.4466732602682
2007,1120.0827866656966
2008,961.3483215813756
2009,1153.3351449071774
2010,1005.8026712746912
2011,1051.0584924426623
2012,842.1666012077485
2013,968.4702589619833
2014,1123.7146284352523
2015,889.815347904195
2016,1043.0436100140641
2017,1134.0336547255097
2018,859.5960786374003
2019,800.6039007449806
